<?xml version="1.0" encoding="UTF-8"?>
<beans xmlns="http://www.springframework.org/schema/beans"
	xmlns:mvc="http://www.springframework.org/schema/mvc" xmlns:context="http://www.springframework.org/schema/context"
	xmlns:xsi="http://www.w3.org/2001/XMLSchema-instance"
	xsi:schemaLocation="
        http://www.springframework.org/schema/beans     
        http://www.springframework.org/schema/beans/spring-beans.xsd
        http://www.springframework.org/schema/mvc 
        http://www.springframework.org/schema/mvc/spring-mvc.xsd
        http://www.springframework.org/schema/context 
        http://www.springframework.org/schema/context/spring-context.xsd">

	<!-- telling container to take care of annotations stuff -->
	<context:annotation-config />

	<!-- declaring base package -->
	<context:component-scan base-package="com.mkyong.web" />
	
	<mvc:resources location="/resources/image/" mapping="/resources/image/**"></mvc:resources>
	<mvc:annotation-driven/>
	
	<mvc:resources location="/resources/js/" mapping="/resources/js/**"></mvc:resources>
	<mvc:annotation-driven/>
	<bean
      class="org.springframework.web.servlet.view.InternalResourceViewResolver">
      
      <property name="prefix">
          <value>/WEB-INF/pages/</value>
      </property>
      
      <property name="suffix">
          <value>.jsp</value>
      </property>        
      
  	</bean>
	<bean id="multipartResolver"
		class="org.springframework.web.multipart.commons.CommonsMultipartResolver">

		 <!-- setting maximum upload size -->
		<property name="maxUploadSize" value="6000000" />

	</bean>
</beans>
